,0
0,0323
1,0617
2,0704
3,0713
4,10
5,102
6,11
7,12
8,121
9,1210
10,136
11,138
12,14
13,141
14,15
15,16
16,160
17,1637
18,17
19,179
20,1794
21,1795
22,18
23,1800
24,1805
25,1811
26,1814
27,1820
28,1855
29,1881
30,1886
31,18th
32,19
33,1913
34,1928
35,1929
36,1940
37,1974
38,1980
39,1981
40,1982
41,1987
42,1990
43,1992
44,1996
45,19th
46,1st
47,20
48,2003
49,2010
50,21
51,22
52,23
53,24
54,25
55,26
56,27
57,270
58,28
59,29
60,30
61,31
62,34
63,36
64,37
65,38
66,40
67,41
68,425
69,44
70,46
71,50
72,5006
73,55
74,60
75,65
76,74
77,79
78,91
79,99
80,abstract
81,accompany
82,accord
83,acquire
84,ad
85,add
86,additional
87,age
88,al
89,albert
90,album
91,altar
92,amid
93,amp
94,ancient
95,anderson
96,angel
97,animal
98,annotation
99,apart
100,apparently
101,appear
102,apply
103,approach
104,arch
105,architectural
106,architecture
107,area
108,arm
109,armed
110,armour
111,arrow
112,art
113,artist
114,arts
115,asahi
116,assemblage
117,associate
118,attach
119,attack
120,attendant
121,attribute
122,august
123,avalokite
124,away
125,background
126,bamboo
127,band
128,bank
129,banner
130,bare
131,bark
132,base
133,basket
134,battle
135,bear
136,beard
137,bearded
138,bed
139,begin
140,bell
141,belong
142,belt
143,beneath
144,berchem
145,bijutsu
146,bind
147,bird
148,birds
149,black
150,blank
151,blind
152,blossom
153,blue
154,bm
155,board
156,boat
157,bodhisattva
158,body
159,bodycolour
160,book
161,boot
162,border
163,bow
164,bowl
165,box
166,boy
167,branch
168,breast
169,bridge
170,bright
171,brilliant
172,bring
173,british
174,broad
175,brocade
176,bronze
177,brown
178,brush
179,buddha
180,buddhist
181,buff
182,build
183,building
184,bull
185,bust
186,butterfly
187,calligraphy
188,canal
189,canopy
190,canvas
191,cap
192,caption
193,card
194,care
195,carry
196,cart
197,cartouche
198,case
199,caste
200,castle
201,cat
202,catalogue
203,caterpillar
204,cattle
205,cave
206,ceiling
207,central
208,centre
209,century
210,ceremonial
211,certain
212,chair
213,chalk
214,change
215,chapter
216,character
217,charcoal
218,cherry
219,chest
220,child
221,chin
222,chinese
223,christ
224,chrysalis
225,church
226,circle
227,circular
228,city
229,clark
230,classical
231,clearly
232,cliff
233,cloak
234,close
235,cloth
236,cloud
237,coat
238,collar
239,collection
240,colour
241,coloured
242,colourful
243,column
244,come
245,commission
246,common
247,company
248,complete
249,compose
250,composition
251,confirm
252,conservation
253,consist
254,consistently
255,contain
256,content
257,continue
258,copy
259,corner
260,costume
261,cottage
262,country
263,couple
264,course
265,court
266,cover
267,cow
268,crane
269,create
270,cross
271,crown
272,cup
273,cut
274,cycle
275,dallapiccola
276,dance
277,dark
278,date
279,day
280,death
281,decorate
282,decoration
283,decorative
284,deer
285,deity
286,demon
287,depict
288,depiction
289,dept
290,derive
291,design
292,dhoti
293,di
294,different
295,direct
296,display
297,dissegni
298,distance
299,district
300,doc
301,documentary
302,dog
303,door
304,doorway
305,dot
306,double
307,dragon
308,drape
309,drapery
310,draw
311,drawing
312,dress
313,drum
314,duck
315,dynasty
316,eagle
317,ear
318,earlier
319,early
320,east
321,ed
322,edge
323,edo
324,eighteenth
325,elegant
326,element
327,elephant
328,emblem
329,emerge
330,emperor
331,end
332,english
333,engrave
334,engraving
335,entitle
336,entrance
337,eros
338,especially
339,establish
340,et
341,etching
342,eth
343,european
344,evidence
345,example
346,execute
347,extend
348,eye
349,face
350,fact
351,fall
352,family
353,famous
354,fan
355,far
356,father
357,feather
358,feature
359,female
360,fence
361,festival
362,field
363,fig
364,figure
365,fine
366,fish
367,flame
368,flank
369,floor
370,floral
371,flow
372,flower
373,fly
374,fold
375,folder
376,foliage
377,folio
378,follow
379,foot
380,foreground
381,forehead
382,forest
383,form
384,fourth
385,fragment
386,frame
387,frequently
388,fruit
389,fur
390,gallery
391,garden
392,gate
393,gem
394,general
395,generally
396,giacomo
397,girl
398,glass
399,goat
400,god
401,goddess
402,gold
403,golden
404,good
405,gouache
406,graphite
407,grass
408,great
409,green
410,grey
411,ground
412,group
413,hair
414,half
415,hall
416,hand
417,handle
418,handscroll
419,hang
420,hanging
421,hat
422,head
423,headdress
424,heavy
425,heighten
426,helmet
427,help
428,high
429,highlight
430,hill
431,hindu
432,history
433,hizo
434,hold
435,holy
436,home
437,horizon
438,horizontal
439,horn
440,horse
441,horseback
442,house
443,human
444,hut
445,iconography
446,identical
447,identify
448,ii
449,iii
450,illustrate
451,illustration
452,image
453,immediately
454,important
455,include
456,indent
457,india
458,indian
459,indicate
460,individual
461,information
462,inlay
463,inn
464,inner
465,inscribe
466,inscribed
467,inscription
468,insect
469,insects
470,instance
471,instrument
472,intaglio
473,interesting
474,interior
475,interleave
476,italian
477,iva
478,jacket
479,jap
480,japan
481,japanese
482,jewellery
483,john
484,joseph
485,july
486,just
487,kaftan
488,kano
489,katherine
490,kha
491,kind
492,king
493,knee
494,kneel
495,know
496,kyoto
497,label
498,lady
499,lake
500,lamp
501,land
502,landscape
503,lane
504,large
505,late
506,later
507,lay
508,lead
509,leaf
510,lean
511,leather
512,leave
513,left
514,leg
515,length
516,letter
517,lie
518,life
519,lift
520,light
521,lightly
522,like
523,likely
524,line
525,lion
526,literature
527,little
528,live
529,london
530,long
531,longer
532,look
533,looped
534,loose
535,lotus
536,love
537,low
538,ma
539,madras
540,main
541,mainly
542,major
543,majority
544,make
545,male
546,man
547,manner
548,manual
549,manuscript
550,marble
551,margin
552,mark
553,mary
554,mask
555,master
556,meadow
557,mendicant
558,merian
559,mica
560,mid
561,middle
562,military
563,miniature
564,model
565,monk
566,monkey
567,monochrome
568,monster
569,month
570,moon
571,moth
572,mother
573,motif
574,mount
575,mountain
576,moustache
577,mouth
578,mudra
579,mughal
580,museum
581,musician
582,naked
583,narrow
584,national
585,native
586,natural
587,near
588,nearby
589,neck
590,necklace
591,new
592,night
593,nihon
594,nineteenth
595,ninety
596,north
597,nose
598,note
599,nude
600,number
601,numerous
602,object
603,occasionally
604,occupation
605,offer
606,official
607,oil
608,old
609,opaque
610,open
611,opening
612,opposite
613,orange
614,order
615,original
616,originally
617,ornament
618,outline
619,outside
620,oval
621,oxidised
622,page
623,paint
624,painter
625,painting
626,pair
627,palace
628,pale
629,palm
630,palma
631,panel
632,paper
633,particular
634,particularly
635,partly
636,pass
637,paste
638,path
639,patron
640,pattern
641,paul
642,paulownia
643,pavilion
644,peacock
645,peasant
646,pen
647,pencil
648,people
649,perch
650,period
651,persian
652,peter
653,photograph
654,pictorial
655,picture
656,piece
657,pigment
658,pine
659,pink
660,pipe
661,pl
662,place
663,plain
664,plant
665,plaster
666,plate
667,play
668,playing
669,plum
670,poem
671,poet
672,point
673,popular
674,portrait
675,position
676,possible
677,possibly
678,pp
679,precision
680,prepare
681,prepared
682,presence
683,present
684,previously
685,priest
686,prince
687,print
688,private
689,probably
690,procession
691,produce
692,profile
693,province
694,ptg
695,pu
696,publish
697,pull
698,pupil
699,purple
700,putto
701,quan
702,quarter
703,queen
704,quite
705,raise
706,raja
707,range
708,read
709,reading
710,receive
711,recline
712,record
713,recto
714,red
715,refer
716,register
717,relate
718,relief
719,religious
720,remain
721,remove
722,rendering
723,represent
724,rest
725,return
726,reveal
727,reverse
728,rid
729,right
730,ring
731,rise
732,river
733,road
734,robe
735,roberts
736,rock
737,rocky
738,roman
739,rome
740,roof
741,room
742,round
743,row
744,royal
745,ruin
746,rule
747,ruler
748,run
749,sacred
750,saint
751,sari
752,sash
753,satyr
754,say
755,scene
756,scholar
757,school
758,screen
759,scroll
760,sculpture
761,sea
762,seal
763,sealed
764,seat
765,second
766,section
767,sense
768,separate
769,september
770,sequence
771,series
772,servant
773,set
774,setting
775,seven
776,seventeenth
777,shading
778,shadow
779,shape
780,shawl
781,sheep
782,sheet
783,shell
784,shells
785,shield
786,ship
787,shoe
788,shore
789,short
790,shoulder
791,shrine
792,sign
793,signature
794,silk
795,silver
796,similar
797,single
798,sir
799,sit
800,site
801,sketch
802,skin
803,skirt
804,sky
805,sleeve
806,slender
807,slight
808,slightly
809,small
810,smith
811,smoke
812,snake
813,society
814,soldier
815,son
816,south
817,space
818,spear
819,specially
820,spirit
821,spring
822,square
823,st
824,staff
825,stand
826,standing
827,star
828,statue
829,stem
830,step
831,stick
832,stone
833,storage
834,store
835,story
836,stream
837,street
838,string
839,strip
840,striped
841,studio
842,study
843,style
844,subject
845,suggest
846,sultan
847,sun
848,support
849,surface
850,surround
851,survive
852,sword
853,table
854,taikan
855,tail
856,talati
857,tall
858,technique
859,telugu
860,temple
861,terrace
862,text
863,textile
864,thang
865,theme
866,think
867,thirty
868,thoughts
869,throne
870,tie
871,tiger
872,time
873,title
874,tokyo
875,tomb
876,tool
877,touch
878,tower
879,town
880,trace
881,trade
882,tradition
883,traditional
884,transfer
885,travel
886,tree
887,trouser
888,ttc
889,tunic
890,turban
891,turkish
892,turn
893,type
894,typical
895,ukiyo
896,unattributed
897,underdrawing
898,uniform
899,unknown
900,unusual
901,upper
902,use
903,van
904,vara
905,various
906,vase
907,vellum
908,version
909,verso
910,vertical
911,vessel
912,vi
913,victoria
914,view
915,village
916,virgin
917,visible
918,visit
919,vol
920,volume
921,waist
922,walk
923,wall
924,warrior
925,wash
926,watch
927,water
928,watercolour
929,waterfall
930,watermark
931,watermarked
932,way
933,wear
934,west
935,western
936,whatman
937,white
938,whitfield
939,wide
940,wife
941,william
942,willow
943,wind
944,windmill
945,window
946,wing
947,winged
948,woman
949,wood
950,wooden
951,work
952,world
953,wreath
954,write
955,year
956,yellow
957,young
958,youth
